Datetime,Water Level (m)
2025-10-19 06:00:00,0.3471185
2025-10-19 07:00:00,0.5627492
2025-10-19 08:00:00,0.6980026
2025-10-19 09:00:00,0.66004074
2025-10-19 10:00:00,0.49663833
2025-10-19 11:00:00,0.31903997
2025-10-19 12:00:00,0.14347747
2025-10-19 13:00:00,-0.02765666
2025-10-19 14:00:00,-0.17634375
2025-10-19 15:00:00,-0.24773379
2025-10-19 16:00:00,-0.10773501
2025-10-19 17:00:00,0.12576352
2025-10-19 18:00:00,0.38479954
2025-10-19 19:00:00,0.6428179
2025-10-19 20:00:00,0.8239596
2025-10-19 21:00:00,0.8419123
2025-10-19 22:00:00,0.68810695
2025-10-19 23:00:00,0.49989066
2025-10-20 00:00:00,0.30903664
2025-10-20 01:00:00,0.1265216
2025-10-20 02:00:00,-0.042361725
2025-10-20 03:00:00,-0.1654057
2025-10-20 04:00:00,-0.11212242
2025-10-20 05:00:00,0.09789728
2025-10-20 06:00:00,0.3381063
2025-10-20 07:00:00,0.58112085
2025-10-20 08:00:00,0.7683212
2025-10-20 09:00:00,0.796378
2025-10-20 10:00:00,0.6513065
2025-10-20 11:00:00,0.46856353
2025-10-20 12:00:00,0.28103155
2025-10-20 13:00:00,0.10058154
2025-10-20 14:00:00,-0.06807157
2025-10-20 15:00:00,-0.1987365
2025-10-20 16:00:00,-0.16971734
2025-10-20 17:00:00,0.043615542
2025-10-20 18:00:00,0.3022034
2025-10-20 19:00:00,0.5784607
2025-10-20 20:00:00,0.8170304
2025-10-20 21:00:00,0.92605865
2025-10-20 22:00:00,0.83403397
2025-10-20 23:00:00,0.64540845
2025-10-21 00:00:00,0.45253214
2025-10-21 01:00:00,0.25823182
2025-10-21 02:00:00,0.07654693
2025-10-21 03:00:00,-0.08321089
2025-10-21 04:00:00,-0.16009122
2025-10-21 05:00:00,-0.0104033295
2025-10-21 06:00:00,0.22832732
2025-10-21 07:00:00,0.4754246
2025-10-21 08:00:00,0.7042394
2025-10-21 09:00:00,0.8177859
2025-10-21 10:00:00,0.73452765
2025-10-21 11:00:00,0.55813336
2025-10-21 12:00:00,0.3744511
2025-10-21 13:00:00,0.18963495
2025-10-21 14:00:00,0.015866794
2025-10-21 15:00:00,-0.13658483
2025-10-21 16:00:00,-0.2110542
2025-10-21 17:00:00,-0.056494314
2025-10-21 18:00:00,0.19581181
2025-10-21 19:00:00,0.47367856
2025-10-21 20:00:00,0.7498589
2025-10-21 21:00:00,0.93782353
2025-10-21 22:00:00,0.9386501
2025-10-21 23:00:00,0.77013415
2025-10-22 00:00:00,0.5757302
2025-10-22 01:00:00,0.38174096
2025-10-22 02:00:00,0.19105418
2025-10-22 03:00:00,0.019064445
2025-10-22 04:00:00,-0.114929765
2025-10-22 05:00:00,-0.085799806
2025-10-22 06:00:00,0.12646821
2025-10-22 07:00:00,0.3709369
2025-10-22 08:00:00,0.6147138
2025-10-22 09:00:00,0.79293656
2025-10-22 10:00:00,0.8001918
2025-10-22 11:00:00,0.6484473
2025-10-22 12:00:00,0.46918932
2025-10-22 13:00:00,0.28482303
2025-10-22 14:00:00,0.10809803
2025-10-22 15:00:00,-0.056598928
2025-10-22 16:00:00,-0.18172167
2025-10-22 17:00:00,-0.1397777
2025-10-22 18:00:00,0.085741356
2025-10-22 19:00:00,0.3563818
2025-10-22 20:00:00,0.6470318
2025-10-22 21:00:00,0.8914701
2025-10-22 22:00:00,0.9915415
2025-10-22 23:00:00,0.88181525
2025-10-23 00:00:00,0.6915375
2025-10-23 01:00:00,0.5001843
2025-10-23 02:00:00,0.3072859
2025-10-23 03:00:00,0.12920752
2025-10-23 04:00:00,-0.028107114
2025-10-23 05:00:00,-0.10162208
2025-10-23 06:00:00,0.04839996
2025-10-23 07:00:00,0.2848563
2025-10-23 08:00:00,0.52505666
2025-10-23 09:00:00,0.7404114
2025-10-23 10:00:00,0.82886624
2025-10-23 11:00:00,0.7245298
2025-10-23 12:00:00,0.55269915
2025-10-23 13:00:00,0.3750905
2025-10-23 14:00:00,0.19657855
2025-10-23 15:00:00,0.03132599
2025-10-23 16:00:00,-0.113570414
2025-10-23 17:00:00,-0.17129594
2025-10-23 18:00:00,-0.0067362576
2025-10-23 19:00:00,0.24922222
2025-10-23 20:00:00,0.53039664
2025-10-23 21:00:00,0.80577666
2025-10-23 22:00:00,0.98307776
2025-10-23 23:00:00,0.9653376
2025-10-24 00:00:00,0.79491484
2025-10-24 01:00:00,0.6069224
2025-10-24 02:00:00,0.41897413
2025-10-24 03:00:00,0.23577079
2025-10-24 04:00:00,0.07306857
2025-10-24 05:00:00,-0.049877938
2025-10-24 06:00:00,-0.010820925
2025-10-24 07:00:00,0.19744782
2025-10-24 08:00:00,0.42786527
2025-10-24 09:00:00,0.6499191
2025-10-24 10:00:00,0.79952073
2025-10-24 11:00:00,0.772848
2025-10-24 12:00:00,0.6210156
2025-10-24 13:00:00,0.4523136
2025-10-24 14:00:00,0.27956736
2025-10-24 15:00:00,0.1159091
2025-10-24 16:00:00,-0.035886608
2025-10-24 17:00:00,-0.1410721
2025-10-24 18:00:00,-0.06831477
2025-10-24 19:00:00,0.15574516
2025-10-24 20:00:00,0.41747883
2025-10-24 21:00:00,0.693707
2025-10-24 22:00:00,0.9227809
2025-10-24 23:00:00,1.0025222
2025-10-25 00:00:00,0.88475704
2025-10-25 01:00:00,0.7021518
2025-10-25 02:00:00,0.51865584
2025-10-25 03:00:00,0.336559
2025-10-25 04:00:00,0.16747682
2025-10-25 05:00:00,0.026285397
2025-10-25 06:00:00,-0.026298804
